rank,feature,coef,abs_coef
1,F11,8.800228,8.800228
2,Z37,-1.3659258,1.3659258
3,F19,1.3423814,1.3423814
4,F55,1.3017975,1.3017975
5,J35,-1.0074173,1.0074173
6,K35,-1.0002846,1.0002846
7,G89,0.9929882,0.9929882
8,Z76,0.94550854,0.94550854
9,Z12,-0.89064246,0.89064246
10,D57,0.88462734,0.88462734
11,B19,0.8293566,0.8293566
12,Z02,0.82586205,0.82586205
13,B18,0.80820715,0.80820715
14,T40,0.79451054,0.79451054
15,B20,0.7908091,0.7908091
16,K80,-0.6816674,0.6816674
17,F03,-0.6420681,0.6420681
18,O09,0.6417786,0.6417786
19,Z30,-0.58354753,0.58354753
20,F13,0.5732263,0.5732263
21,S83,-0.5653021,0.5653021
22,F31,0.5564324,0.5564324
23,N20,-0.55586886,0.55586886
24,N92,-0.5370809,0.5370809
25,C50,-0.5367452,0.5367452
26,A02,-0.5366527,0.5366527
27,F33,0.5298504,0.5298504
28,S52,-0.52950287,0.52950287
29,M96,0.528436,0.528436
30,A05,0.52839327,0.52839327
31,Z3A,-0.527278,0.527278
32,D25,-0.52215606,0.52215606
33,S42,-0.5193057,0.5193057
34,K86,0.5139082,0.5139082
35,H25,-0.50958383,0.50958383
36,N47,-0.50876814,0.50876814
37,Z66,-0.50808114,0.50808114
38,H26,-0.50529486,0.50529486
39,O99,0.50453526,0.50453526
40,Z39,-0.50376266,0.50376266
41,O35,0.50372255,0.50372255
42,J34,-0.5035479,0.5035479
43,Z47,-0.50326383,0.50326383
44,H65,-0.5019364,0.5019364
45,H90,-0.5019016,0.5019016
46,N84,-0.5017822,0.5017822
47,F34,0.50071365,0.50071365
48,F39,0.49845335,0.49845335
49,O02,-0.49655545,0.49655545
50,B17,0.49185035,0.49185035
51,H66,-0.48800966,0.48800966
52,K57,-0.48131144,0.48131144
53,N83,-0.48094705,0.48094705
54,I65,-0.4765137,0.4765137
55,N60,-0.4752685,0.4752685
56,C54,-0.47292367,0.47292367
57,Z45,-0.47187883,0.47187883
58,F14,0.47057343,0.47057343
59,E04,-0.46833736,0.46833736
60,O70,-0.4679731,0.4679731
61,R45,0.46783704,0.46783704
62,D17,-0.4588151,0.4588151
63,I70,-0.45864886,0.45864886
64,Z53,0.4568681,0.4568681
65,K40,-0.45633703,0.45633703
66,F02,-0.45340294,0.45340294
67,G30,-0.44951513,0.44951513
68,G82,0.44852254,0.44852254
69,K50,0.44588122,0.44588122
70,F69,0.44498238,0.44498238
71,S59,-0.44490808,0.44490808
72,Z01,-0.44472504,0.44472504
73,F17,0.4434257,0.4434257
74,I48,-0.44330752,0.44330752
75,K42,-0.44072846,0.44072846
76,K64,-0.43882608,0.43882608
77,S43,-0.43384302,0.43384302
78,K08,0.43110836,0.43110836
79,I21,-0.43074918,0.43074918
80,W21,-0.42299807,0.42299807
81,J03,-0.41737595,0.41737595
82,G91,-0.41695833,0.41695833
83,M20,-0.41502842,0.41502842
84,M67,-0.41388118,0.41388118
85,M23,-0.41367713,0.41367713
86,E78,-0.4051114,0.4051114
87,K31,0.4018528,0.4018528
88,N81,-0.3957969,0.3957969
89,K81,-0.39130944,0.39130944
90,F15,0.38945946,0.38945946
91,S62,-0.38759172,0.38759172
92,S82,-0.38136318,0.38136318
93,F32,0.379533,0.379533
94,M65,-0.3769701,0.3769701
95,V85,-0.3718842,0.3718842
96,F10,0.37023968,0.37023968
97,M75,-0.36552423,0.36552423
98,Z09,-0.36397082,0.36397082
99,N93,-0.36079755,0.36079755
100,E10,0.3586348,0.3586348
101,C61,-0.35848185,0.35848185
102,F84,-0.3575103,0.3575103
103,J30,-0.35619402,0.35619402
104,S72,-0.35437113,0.35437113
105,J44,0.34981167,0.34981167
106,K63,-0.3479941,0.3479941
107,C18,-0.34466833,0.34466833
108,N40,-0.3437566,0.3437566
109,O80,-0.34348562,0.34348562
110,I46,-0.33825758,0.33825758
111,H50,-0.33688173,0.33688173
112,F41,0.33382103,0.33382103
113,R92,-0.32900974,0.32900974
114,L03,0.32818955,0.32818955
115,R94,-0.3278445,0.3278445
116,J02,-0.3226962,0.3226962
117,Y99,0.32228372,0.32228372
118,R62,-0.32105008,0.32105008
119,Z82,-0.31529546,0.31529546
120,J32,-0.31251848,0.31251848
121,I20,-0.31243652,0.31243652
122,F25,0.3123101,0.3123101
123,N13,-0.30926448,0.30926448
124,C34,-0.29643515,0.29643515
125,M54,0.2963322,0.2963322
126,F06,-0.2881862,0.2881862
127,I49,-0.2876621,0.2876621
128,C71,-0.2858188,0.2858188
129,I44,-0.28082126,0.28082126
130,J91,-0.2787988,0.2787988
131,Z21,0.2721729,0.2721729
132,O03,-0.26828974,0.26828974
133,G60,0.26708475,0.26708475
134,E29,0.26626998,0.26626998
135,H69,-0.26621354,0.26621354
136,Z89,0.2661798,0.2661798
137,Z11,0.2653188,0.2653188
138,I71,-0.26509002,0.26509002
139,N85,-0.26489213,0.26489213
140,G90,0.2644007,0.2644007
141,G80,-0.26408198,0.26408198
142,D12,-0.2640542,0.2640542
143,C22,-0.26393855,0.26393855
144,D62,-0.26336718,0.26336718
145,F48,0.26328638,0.26328638
146,C78,-0.26218462,0.26218462
147,V49,-0.26149276,0.26149276
148,N62,-0.26111156,0.26111156
149,N95,-0.26104584,0.26104584
150,O34,-0.26084784,0.26084784
151,R97,-0.26081178,0.26081178
152,N99,-0.26074985,0.26074985
153,D05,-0.26055324,0.26055324
154,I35,-0.26008078,0.26008078
155,I33,0.25981683,0.25981683
156,W09,-0.25972047,0.25972047
157,C73,-0.25929484,0.25929484
158,H33,-0.25901866,0.25901866
159,C67,-0.25808907,0.25808907
160,O00,-0.25785926,0.25785926
161,C44,-0.25784802,0.25784802
162,L72,-0.25779548,0.25779548
163,O48,-0.2576567,0.2576567
164,Z78,-0.25693262,0.25693262
165,K01,-0.25633258,0.25633258
166,I34,-0.25627613,0.25627613
167,N64,-0.25627106,0.25627106
168,O98,0.2561581,0.2561581
169,M24,-0.2559313,0.2559313
170,R11,0.25570226,0.25570226
171,H40,-0.2550885,0.2550885
172,O69,-0.25502327,0.25502327
173,V00,-0.25484774,0.25484774
174,D49,-0.254652,0.254652
175,B34,-0.254455,0.254455
176,I88,-0.25432625,0.25432625
177,N97,-0.2543202,0.2543202
178,X50,-0.2540637,0.2540637
179,M32,0.25369385,0.25369385
180,C91,-0.25361308,0.25361308
181,Q53,-0.2535723,0.2535723
182,N35,-0.2531558,0.2531558
183,D24,-0.2531317,0.2531317
184,H91,-0.25303638,0.25303638
185,D03,-0.2529971,0.2529971
186,L05,-0.2529779,0.2529779
187,I62,-0.25296578,0.25296578
188,K61,-0.25295037,0.25295037
189,D23,-0.2528819,0.2528819
190,S53,-0.25273782,0.25273782
191,N43,-0.25270858,0.25270858
192,F79,-0.25259858,0.25259858
193,K82,-0.25259796,0.25259796
194,I22,-0.25247708,0.25247708
195,N87,-0.2524141,0.2524141
196,D06,-0.25189593,0.25189593
197,E21,-0.25187108,0.25187108
198,K73,0.25181347,0.25181347
199,L84,0.25165147,0.25165147
200,F80,-0.2515358,0.2515358
201,K37,-0.25130138,0.25130138
202,D27,-0.25116885,0.25116885
203,B86,0.25089583,0.25089583
204,D22,-0.2508025,0.2508025
205,G97,-0.25074664,0.25074664
206,S63,-0.25068825,0.25068825
207,N63,-0.25067604,0.25067604
208,E28,-0.25060415,0.25060415
209,I61,-0.25024173,0.25024173
210,Y08,0.25000003,0.25000003
211,Q54,-0.24974138,0.24974138
212,Z77,-0.24881949,0.24881949
213,O86,-0.24857731,0.24857731
214,O24,-0.24845664,0.24845664
215,T23,-0.24775228,0.24775228
216,O14,-0.24743669,0.24743669
217,G59,0.24696033,0.24696033
218,O62,-0.24590376,0.24590376
219,N23,-0.2453524,0.2453524
220,L97,0.24479619,0.24479619
221,M15,0.24319719,0.24319719
222,R41,0.24150106,0.24150106
223,Q66,-0.24145089,0.24145089
224,M21,-0.24021883,0.24021883
225,Z94,-0.24010207,0.24010207
226,G21,-0.24002354,0.24002354
227,R52,0.23979051,0.23979051
228,C53,0.23970872,0.23970872
229,K60,-0.23966593,0.23966593
230,H72,-0.23940633,0.23940633
231,H35,-0.23725398,0.23725398
232,G56,-0.23711976,0.23711976
233,T63,-0.23464173,0.23464173
234,N32,-0.23402278,0.23402278
235,C77,-0.23317821,0.23317821
236,Z80,-0.23302571,0.23302571
237,I08,-0.2325302,0.2325302
238,Z93,0.23252091,0.23252091
239,M22,-0.23122256,0.23122256
240,N94,-0.23083553,0.23083553
241,Z85,-0.22799575,0.22799575
242,C49,-0.22508715,0.22508715
243,F22,0.2247122,0.2247122
244,L98,0.22470047,0.22470047
245,Y04,0.22394463,0.22394463
246,V86,-0.22190744,0.22190744
247,C83,-0.22141394,0.22141394
248,S01,-0.22083393,0.22083393
249,M43,-0.2191744,0.2191744
250,R56,0.21864611,0.21864611
251,Y83,-0.21850267,0.21850267
252,D18,-0.21723783,0.21723783
253,V19,-0.21709383,0.21709383
254,S68,-0.21700484,0.21700484
255,T50,0.21587576,0.21587576
256,R59,-0.21570794,0.21570794
257,J93,-0.21473911,0.21473911
258,J36,-0.21456113,0.21456113
259,Z56,-0.21422592,0.21422592
260,T07,0.21297927,0.21297927
261,K91,0.2115328,0.2115328
262,R44,0.21124506,0.21124506
263,Q21,-0.21122028,0.21122028
264,O90,-0.21089086,0.21089086
265,F43,0.21071686,0.21071686
266,S89,-0.20984344,0.20984344
267,Y93,-0.20950344,0.20950344
268,N16,0.20882137,0.20882137
269,S27,-0.2083745,0.2083745
270,C64,-0.20687765,0.20687765
271,T80,0.20525777,0.20525777
272,R60,0.20522031,0.20522031
273,I25,-0.20453948,0.20453948
274,M06,0.2044059,0.2044059
275,I47,-0.20376626,0.20376626
276,I67,-0.20279494,0.20279494
277,D32,-0.20253865,0.20253865
278,Z33,0.20166826,0.20166826
279,M90,0.20133756,0.20133756
280,X58,-0.20066167,0.20066167
281,R87,-0.19972216,0.19972216
282,Z51,-0.19874994,0.19874994
283,H02,-0.19523177,0.19523177
284,S06,-0.19522212,0.19522212
285,J90,-0.19114877,0.19114877
286,M79,0.19094646,0.19094646
287,M72,-0.18975148,0.18975148
288,J40,0.18956599,0.18956599
289,M10,-0.18809113,0.18809113
290,Z86,0.18679039,0.18679039
291,L90,-0.18465954,0.18465954
292,Z81,-0.18278767,0.18278767
293,S92,-0.18232839,0.18232839
294,D69,-0.18153355,0.18153355
295,R22,-0.18116494,0.18116494
296,F29,0.18061228,0.18061228
297,I11,-0.18058123,0.18058123
298,C25,-0.18053648,0.18053648
299,R26,-0.18040402,0.18040402
300,N73,-0.17959213,0.17959213
301,R49,-0.1790326,0.1790326
302,J43,0.17842108,0.17842108
303,O26,0.17824118,0.17824118
304,S32,-0.1781842,0.1781842
305,K56,-0.17733414,0.17733414
306,R42,-0.17699508,0.17699508
307,R13,-0.17503934,0.17503934
308,K21,-0.1740436,0.1740436
309,M17,-0.17402253,0.17402253
310,D16,-0.1706391,0.1706391
311,J11,-0.17060806,0.17060806
312,R50,-0.1705876,0.1705876
313,I85,-0.17021455,0.17021455
314,T42,0.1701146,0.1701146
315,Y90,-0.16924,0.16924
316,Z23,-0.16839801,0.16839801
317,K44,-0.16799822,0.16799822
318,O76,-0.16662544,0.16662544
319,N28,-0.16635035,0.16635035
320,G31,-0.16613826,0.16613826
321,G57,0.16525936,0.16525936
322,M86,0.16414061,0.16414061
323,K87,0.16390495,0.16390495
324,I97,0.16212061,0.16212061
325,Z20,0.15806364,0.15806364
326,Z99,0.1580255,0.1580255
327,J10,-0.1571543,0.1571543
328,Z72,0.15657072,0.15657072
329,R80,-0.15638089,0.15638089
330,H92,-0.15455693,0.15455693
331,O47,-0.1533379,0.1533379
332,I42,-0.15305322,0.15305322
333,E66,-0.1523351,0.1523351
334,F45,0.15215501,0.15215501
335,V43,-0.15203406,0.15203406
336,I63,-0.15194146,0.15194146
337,J45,0.1481142,0.1481142
338,K04,0.1478585,0.1478585
339,K75,-0.14782116,0.14782116
340,W23,-0.14771402,0.14771402
341,T82,-0.14715528,0.14715528
342,J95,-0.14680858,0.14680858
343,D48,-0.14550589,0.14550589
344,G93,-0.14385088,0.14385088
345,I31,-0.14373255,0.14373255
346,E07,-0.14370573,0.14370573
347,C80,-0.14289795,0.14289795
348,O42,-0.14100954,0.14100954
349,N10,-0.14099357,0.14099357
350,W51,-0.1406711,0.1406711
351,L91,-0.14062744,0.14062744
352,V89,-0.13932565,0.13932565
353,C86,-0.13865729,0.13865729
354,M16,-0.13796571,0.13796571
355,H81,-0.1375561,0.1375561
356,G35,0.13717449,0.13717449
357,G43,0.13709947,0.13709947
358,L08,0.13688408,0.13688408
359,O21,0.13681489,0.13681489
360,R10,0.13637248,0.13637248
361,R01,-0.13601184,0.13601184
362,S02,-0.13588262,0.13588262
363,I89,0.1353892,0.1353892
364,Z16,0.13512555,0.13512555
365,R20,-0.13506582,0.13506582
366,S70,0.13473162,0.13473162
367,S61,-0.13460301,0.13460301
368,R93,-0.13444275,0.13444275
369,R12,-0.13429141,0.13429141
370,S86,-0.13403265,0.13403265
371,C43,-0.13401012,0.13401012
372,J38,-0.13400754,0.13400754
373,V80,-0.1338746,0.1338746
374,J05,-0.13380992,0.13380992
375,I77,-0.13374798,0.13374798
376,K43,-0.13357157,0.13357157
377,N21,-0.13352554,0.13352554
378,R27,-0.13350174,0.13350174
379,J33,-0.13340136,0.13340136
380,Z52,-0.13318095,0.13318095
381,H43,-0.13308148,0.13308148
382,Q24,-0.13283202,0.13283202
383,M77,-0.13278218,0.13278218
384,R76,0.1326063,0.1326063
385,M71,-0.13252386,0.13252386
386,V09,0.1321887,0.1321887
387,B08,-0.13210903,0.13210903
388,K85,0.1319153,0.1319153
389,O13,-0.13187325,0.13187325
390,C92,-0.1315171,0.1315171
391,W31,-0.13107269,0.13107269
392,N44,-0.13105665,0.13105665
393,W17,-0.131037,0.131037
394,K28,0.13103002,0.13103002
395,Z63,-0.1309986,0.1309986
396,T24,-0.13097905,0.13097905
397,T22,-0.1307778,0.1307778
398,Q55,-0.13077402,0.13077402
399,T34,0.13052441,0.13052441
400,M66,-0.1304677,0.1304677
401,K65,-0.1301507,0.1301507
402,M87,0.13009623,0.13009623
403,I38,0.1300916,0.1300916
404,K77,-0.13007317,0.13007317
405,V78,0.12993039,0.12993039
406,K62,-0.1298497,0.1298497
407,T18,-0.12981889,0.12981889
408,O72,-0.12947246,0.12947246
409,M99,0.12919292,0.12919292
410,N88,-0.12917326,0.12917326
411,Q25,-0.1290978,0.1290978
412,C56,-0.12905578,0.12905578
413,N61,-0.12905057,0.12905057
414,Z03,0.12893483,0.12893483
415,F60,0.12879068,0.12879068
416,K00,-0.12866981,0.12866981
417,Q89,-0.12864517,0.12864517
418,A09,-0.12856124,0.12856124
419,L88,0.12847844,0.12847844
420,M93,-0.12846519,0.12846519
421,R09,-0.12845834,0.12845834
422,Q67,-0.12845321,0.12845321
423,E84,0.12842615,0.12842615
424,Q37,-0.12812765,0.12812765
425,Z00,-0.12810995,0.12810995
426,D21,-0.12804589,0.12804589
427,R40,0.12789038,0.12789038
428,W20,-0.12778054,0.12778054
429,W54,-0.12773544,0.12773544
430,N70,-0.1277146,0.1277146
431,Z97,-0.12770484,0.12770484
432,T25,-0.12769166,0.12769166
433,C85,-0.12768489,0.12768489
434,W11,-0.1275514,0.1275514
435,A04,0.1274604,0.1274604
436,Q90,-0.12743941,0.12743941
437,H04,-0.12740615,0.12740615
438,Z71,-0.12736687,0.12736687
439,V87,-0.12721388,0.12721388
440,H61,-0.12720665,0.12720665
441,R54,-0.12708932,0.12708932
442,I37,-0.12708074,0.12708074
443,R32,-0.12705682,0.12705682
444,I60,-0.12703545,0.12703545
445,I96,-0.12696216,0.12696216
446,Q23,-0.12689926,0.12689926
447,C15,-0.12669176,0.12669176
448,O30,-0.12668745,0.12668745
449,R17,-0.12667017,0.12667017
450,N72,-0.12657224,0.12657224
451,Z31,-0.12655896,0.12655896
452,J81,-0.12655143,0.12655143
453,F01,-0.1265066,0.1265066
454,T85,-0.12650225,0.12650225
455,K83,-0.12649535,0.12649535
456,I16,-0.12646334,0.12646334
457,K66,-0.1264277,0.1264277
458,M34,0.12639007,0.12639007
459,J31,-0.12637925,0.12637925
460,Z64,-0.12634642,0.12634642
461,Z41,-0.12626037,0.12626037
462,M85,-0.12622918,0.12622918
463,N90,-0.12606941,0.12606941
464,W46,0.12602326,0.12602326
465,G14,0.12598044,0.12598044
466,Z62,-0.12596197,0.12596197
467,N36,-0.12593041,0.12593041
468,E01,-0.12591971,0.12591971
469,L20,-0.12579796,0.12579796
470,D34,-0.12572294,0.12572294
471,Z08,-0.12570147,0.12570147
472,D13,-0.12566096,0.12566096
473,V29,-0.125656,0.125656
474,Q38,-0.12561129,0.12561129
475,S46,-0.12560481,0.12560481
476,B27,-0.12554695,0.12554695
477,Q18,-0.12549587,0.12549587
478,E65,-0.12540588,0.12540588
479,S93,-0.12537245,0.12537245
480,T21,-0.12531263,0.12531263
481,D75,-0.12527713,0.12527713
482,E89,0.12520148,0.12520148
483,G51,-0.12503245,0.12503245
484,B99,0.12500095,0.12500095
485,E24,0.12500009,0.12500009
486,X95,-0.12487616,0.12487616
487,A64,0.124621004,0.124621004
488,S96,-0.12432414,0.12432414
489,Z48,-0.12402701,0.12402701
490,D14,-0.123932004,0.123932004
491,L40,0.12364988,0.12364988
492,R30,0.123379774,0.123379774
493,F99,0.1233767,0.1233767
494,A69,0.123353586,0.123353586
495,C24,-0.12282055,0.12282055
496,J84,-0.12272146,0.12272146
497,T32,-0.122421816,0.122421816
498,S34,0.12228187,0.12228187
499,Q28,-0.12188689,0.12188689
500,W34,-0.12172365,0.12172365
501,R00,-0.121563874,0.121563874
502,S12,-0.12155774,0.12155774
503,L57,-0.12101815,0.12101815
504,B59,-0.1208456,0.1208456
505,R31,-0.12062803,0.12062803
506,C16,-0.11977125,0.11977125
507,E22,-0.11925761,0.11925761
508,J06,-0.119081095,0.119081095
509,Q62,-0.118785866,0.118785866
510,N25,-0.118570834,0.118570834
511,M95,-0.11827618,0.11827618
512,E03,-0.11822275,0.11822275
513,D35,-0.11805468,0.11805468
514,R69,-0.11782923,0.11782923
515,Z83,-0.11780034,0.11780034
516,Z91,0.11759313,0.11759313
517,B97,-0.117315635,0.117315635
518,Q35,-0.11725964,0.11725964
519,Z17,-0.11711437,0.11711437
520,W29,-0.117055185,0.117055185
521,R21,0.116800025,0.116800025
522,M19,-0.116626956,0.116626956
523,M94,-0.116275154,0.116275154
524,G81,-0.11615552,0.11615552
525,E06,-0.1156881,0.1156881
526,E44,-0.115667954,0.115667954
527,G20,-0.11525577,0.11525577
528,I45,-0.11516135,0.11516135
529,G03,-0.114782035,0.114782035
530,E05,-0.11340029,0.11340029
531,N49,-0.11337127,0.11337127
532,M89,-0.113057785,0.113057785
533,F40,0.11301174,0.11301174
534,R23,0.112867065,0.112867065
535,L82,-0.1122117,0.1122117
536,Z88,0.11216872,0.11216872
537,R47,-0.11131971,0.11131971
538,K27,0.11105373,0.11105373
539,K26,-0.11097644,0.11097644
540,S03,0.11014146,0.11014146
541,K46,0.10948401,0.10948401
542,Y92,0.10912632,0.10912632
543,R91,-0.10899599,0.10899599
544,I12,-0.10897124,0.10897124
545,R99,0.10882247,0.10882247
546,G62,0.10849065,0.10849065
547,T36,-0.10841574,0.10841574
548,E27,0.1075936,0.1075936
549,R06,0.107248664,0.107248664
550,I51,-0.10620326,0.10620326
551,Y09,0.106034234,0.106034234
552,T87,0.10583594,0.10583594
553,M35,0.10571416,0.10571416
554,I10,-0.1044908,0.1044908
555,Z95,-0.10430871,0.10430871
556,Z68,-0.10353396,0.10353396
557,Z04,0.10318031,0.10318031
558,D07,-0.103015795,0.103015795
559,R25,0.102729715,0.102729715
560,L70,-0.10176925,0.10176925
561,K76,-0.100974,0.100974
562,L01,0.1009512,0.1009512
563,S09,0.10089659,0.10089659
564,S91,-0.100611165,0.100611165
565,Z74,-0.10007552,0.10007552
566,K74,0.09992783,0.09992783
567,S00,-0.09979373,0.09979373
568,I83,-0.09918066,0.09918066
569,E88,-0.09876858,0.09876858
570,D72,-0.098287575,0.098287575
571,I87,0.097861156,0.097861156
572,S23,-0.09727219,0.09727219
573,N19,0.09536968,0.09536968
574,J96,-0.09432218,0.09432218
575,Z79,0.094206944,0.094206944
576,R33,-0.09389898,0.09389898
577,T86,-0.093890294,0.093890294
578,S33,-0.093865745,0.093865745
579,I13,-0.093728825,0.093728825
580,S20,0.09356201,0.09356201
581,S39,-0.092593886,0.092593886
582,S50,-0.09211767,0.09211767
583,S66,-0.09208733,0.09208733
584,A63,-0.09182309,0.09182309
585,G47,-0.09180216,0.09180216
586,Z32,0.0914401,0.0914401
587,E46,-0.09113239,0.09113239
588,O36,0.0903363,0.0903363
589,I72,-0.08976105,0.08976105
590,R78,0.08936812,0.08936812
591,K02,-0.088491835,0.088491835
592,K22,-0.08846796,0.08846796
593,A41,-0.08674248,0.08674248
594,S36,-0.08659628,0.08659628
595,E64,-0.08580447,0.08580447
596,K29,-0.0855638,0.0855638
597,M41,-0.085240126,0.085240126
598,N80,-0.08500678,0.08500678
599,H10,-0.083610795,0.083610795
600,R35,-0.08343068,0.08343068
601,C90,-0.08333509,0.08333509
602,R73,-0.08222525,0.08222525
603,T81,-0.08122871,0.08122871
604,R55,-0.08117777,0.08117777
605,S05,-0.081037395,0.081037395
606,L02,0.08090375,0.08090375
607,G40,0.08090069,0.08090069
608,K72,-0.08082756,0.08082756
609,R82,-0.080009,0.080009
610,E13,0.077789396,0.077789396
611,T45,-0.0773715,0.0773715
612,I86,-0.077325344,0.077325344
613,K52,-0.077143334,0.077143334
614,G25,0.07684382,0.07684382
615,T83,0.076552525,0.076552525
616,L27,-0.07649579,0.07649579
617,Q27,-0.075669944,0.075669944
618,F20,0.075533465,0.075533465
619,R15,-0.07489242,0.07489242
620,N39,-0.07487389,0.07487389
621,B96,-0.07480395,0.07480395
622,F12,-0.074692205,0.074692205
623,S67,-0.074682795,0.074682795
624,I50,0.07435173,0.07435173
625,I27,0.07364973,0.07364973
626,W22,-0.07361352,0.07361352
627,C81,-0.07307019,0.07307019
628,T20,-0.07249802,0.07249802
629,O20,-0.07248511,0.07248511
630,K70,-0.07204007,0.07204007
631,D37,-0.071968615,0.071968615
632,N76,-0.07170761,0.07170761
633,A31,-0.07155061,0.07155061
634,M81,-0.07069233,0.07069233
635,N75,-0.07031317,0.07031317
636,L25,-0.07022416,0.07022416
637,C62,-0.07008107,0.07008107
638,O71,-0.06961566,0.06961566
639,S22,-0.069391385,0.069391385
640,L89,0.069274366,0.069274366
641,S76,-0.069219105,0.069219105
642,L94,-0.06914299,0.06914299
643,F51,0.069120295,0.069120295
644,I95,-0.06905712,0.06905712
645,Z59,0.06890608,0.06890608
646,C51,-0.06886561,0.06886561
647,H57,-0.068792604,0.068792604
648,L60,-0.06870456,0.06870456
649,R58,-0.06845855,0.06845855
650,H93,-0.06776275,0.06776275
651,N29,-0.06736845,0.06736845
652,R16,0.06723556,0.06723556
653,G70,-0.067232564,0.067232564
654,C82,-0.06722495,0.06722495
655,B95,-0.067224555,0.067224555
656,F98,-0.06700976,0.06700976
657,H74,-0.06698373,0.06698373
658,D11,-0.06669708,0.06669708
659,N82,-0.06646305,0.06646305
660,R07,0.06618567,0.06618567
661,W03,-0.066025525,0.066025525
662,S56,-0.0660011,0.0660011
663,N34,0.065830566,0.065830566
664,Z13,-0.06579901,0.06579901
665,K58,0.06554115,0.06554115
666,R36,0.06549304,0.06549304
667,T65,0.06544252,0.06544252
668,K11,-0.06515245,0.06515245
669,E86,0.065031394,0.065031394
670,S69,-0.06494243,0.06494243
671,H71,-0.06467868,0.06467868
672,H52,-0.06467193,0.06467193
673,H21,-0.06418529,0.06418529
674,M51,0.06394507,0.06394507
675,L71,-0.0639145,0.0639145
676,L92,-0.06370488,0.06370488
677,K23,-0.06364557,0.06364557
678,Q79,-0.063609384,0.063609384
679,T15,-0.06359418,0.06359418
680,N65,-0.06352987,0.06352987
681,N12,-0.06351314,0.06351314
682,Z18,-0.06351072,0.06351072
683,C7A,-0.06349238,0.06349238
684,F70,-0.06348278,0.06348278
685,G72,0.06342133,0.06342133
686,O64,-0.06336621,0.06336621
687,K38,-0.063322306,0.063322306
688,L21,-0.0631845,0.0631845
689,D61,-0.06313745,0.06313745
690,T16,-0.063132316,0.063132316
691,T31,-0.06301352,0.06301352
692,Q65,-0.06300505,0.06300505
693,G54,0.06300153,0.06300153
694,B07,-0.06296952,0.06296952
695,W50,-0.062870905,0.062870905
696,V28,-0.06281118,0.06281118
697,V18,-0.06270465,0.06270465
698,F72,-0.06265675,0.06265675
699,G04,-0.06258198,0.06258198
700,H54,-0.062518574,0.062518574
701,K20,-0.062500134,0.062500134
702,O28,0.06249822,0.06249822
703,B02,-0.06246104,0.06246104
704,R04,-0.062458433,0.062458433
705,R19,-0.062186286,0.062186286
706,D73,0.062152594,0.062152594
707,Q87,-0.062115274,0.062115274
708,J70,-0.062100448,0.062100448
709,I69,-0.06202884,0.06202884
710,I36,-0.061947852,0.061947852
711,M48,0.061883666,0.061883666
712,R57,-0.06176266,0.06176266
713,A59,0.06152282,0.06152282
714,G06,0.06134791,0.06134791
715,M26,0.060700983,0.060700983
716,I81,-0.060694188,0.060694188
717,C69,-0.060118906,0.060118906
718,S08,-0.05990964,0.05990964
719,P59,-0.059845604,0.059845604
720,E87,-0.059829123,0.059829123
721,S51,-0.05974593,0.05974593
722,G96,-0.05927954,0.05927954
723,W01,-0.059123382,0.059123382
724,M92,-0.058742806,0.058742806
725,G99,0.058638282,0.058638282
726,S14,-0.05861462,0.05861462
727,S29,-0.05847825,0.05847825
728,S21,-0.05836472,0.05836472
729,R79,0.058343835,0.058343835
730,K13,0.058173157,0.058173157
731,T37,-0.058148295,0.058148295
732,R74,-0.057992637,0.057992637
733,Y07,0.057947226,0.057947226
734,N45,-0.057579443,0.057579443
735,I74,-0.057231307,0.057231307
736,R64,-0.056812897,0.056812897
737,J01,-0.056412652,0.056412652
738,P07,-0.05568912,0.05568912
739,M70,-0.055574752,0.055574752
740,N18,-0.05528336,0.05528336
741,Z87,0.054664247,0.054664247
742,S73,0.053365104,0.053365104
743,Z90,-0.0532061,0.0532061
744,R89,0.05310291,0.05310291
745,K59,0.052197434,0.052197434
746,T84,0.052044272,0.052044272
747,R05,-0.051871635,0.051871635
748,D63,0.05169493,0.05169493
749,Z38,-0.051671878,0.051671878
750,K30,-0.05085267,0.05085267
751,X83,-0.050636157,0.050636157
752,S16,-0.050603166,0.050603166
753,O9A,-0.049967237,0.049967237
754,V69,-0.049363516,0.049363516
755,S99,0.049263887,0.049263887
756,O82,-0.048676834,0.048676834
757,L53,-0.04775331,0.04775331
758,M62,-0.047071725,0.047071725
759,T76,-0.04680623,0.04680623
760,R39,-0.046696268,0.046696268
761,B37,0.04599133,0.04599133
762,J18,0.045959696,0.045959696
763,O41,-0.044934995,0.044934995
764,J20,0.044463426,0.044463426
765,S13,-0.044277385,0.044277385
766,J42,-0.044215746,0.044215746
767,D53,-0.04398133,0.04398133
768,L81,-0.04323625,0.04323625
769,K94,0.04317119,0.04317119
770,R29,-0.04304613,0.04304613
771,Q03,-0.043039948,0.043039948
772,I26,-0.04302778,0.04302778
773,T44,-0.04286769,0.04286769
774,K05,0.042768285,0.042768285
775,W06,0.042159773,0.042159773
776,J98,-0.042072907,0.042072907
777,I76,0.04198027,0.04198027
778,L04,-0.04196194,0.04196194
779,J80,0.041816093,0.041816093
780,W62,-0.04117655,0.04117655
781,T51,-0.040966168,0.040966168
782,S49,-0.04083482,0.04083482
783,M14,0.04067307,0.04067307
784,G71,0.040558934,0.040558934
785,T78,-0.040295415,0.040295415
786,Q43,-0.03939659,0.03939659
787,W05,0.03843476,0.03843476
788,Z42,-0.03790626,0.03790626
789,E83,0.03759253,0.03759253
790,G92,0.03755516,0.03755516
791,T39,-0.037450492,0.037450492
792,D68,0.03735456,0.03735456
793,C19,-0.037022993,0.037022993
794,E16,0.036431953,0.036431953
795,Z34,0.03595856,0.03595856
796,W19,-0.035087243,0.035087243
797,R63,-0.03507673,0.03507673
798,Z46,-0.033863828,0.033863828
799,D46,-0.032938793,0.032938793
800,T48,-0.03264133,0.03264133
801,E55,-0.032306433,0.032306433
802,E72,-0.03214652,0.03214652
803,O92,-0.032076992,0.032076992
804,Q10,-0.0318861,0.0318861
805,S88,0.03158886,0.03158886
806,N17,-0.03138846,0.03138846
807,F50,0.031249998,0.031249998
808,Q83,-0.03117832,0.03117832
809,H53,-0.030724863,0.030724863
810,F30,0.030651959,0.030651959
811,P04,0.030037211,0.030037211
812,S80,-0.029855663,0.029855663
813,L65,-0.029364808,0.029364808
814,N42,-0.029327186,0.029327186
815,X18,-0.028979385,0.028979385
816,W08,-0.0288356,0.0288356
817,O32,-0.028431462,0.028431462
818,L50,-0.027516311,0.027516311
819,M76,-0.027335124,0.027335124
820,M25,0.02694904,0.02694904
821,D64,-0.026842091,0.026842091
822,N48,-0.026675662,0.026675662
823,Q76,-0.02663222,0.02663222
824,W26,0.025109043,0.025109043
825,Z96,-0.024837965,0.024837965
826,G45,-0.024817232,0.024817232
827,W10,0.024433928,0.024433928
828,G24,0.023911616,0.023911616
829,D50,0.023726711,0.023726711
830,Q82,-0.023662128,0.023662128
831,L73,-0.022899348,0.022899348
832,D36,-0.022892099,0.022892099
833,L22,-0.02245114,0.02245114
834,A08,-0.022163916,0.022163916
835,H55,-0.022041088,0.022041088
836,V76,-0.02176588,0.02176588
837,O16,-0.021138733,0.021138733
838,T79,0.021129796,0.021129796
839,O40,0.02109367,0.02109367
840,R65,0.020688685,0.020688685
841,W55,-0.020492923,0.020492923
842,C48,-0.020456376,0.020456376
843,D66,0.020445805,0.020445805
844,Q05,-0.020233532,0.020233532
845,A60,-0.01986796,0.01986796
846,Q06,-0.019862777,0.019862777
847,C55,-0.019698508,0.019698508
848,M50,0.01926447,0.01926447
849,Q32,0.0192507,0.0192507
850,Q39,-0.019248527,0.019248527
851,Q36,-0.018887337,0.018887337
852,Q22,-0.018749317,0.018749317
853,H00,-0.01864578,0.01864578
854,D30,-0.018577257,0.018577257
855,E30,-0.018572051,0.018572051
856,Q85,-0.018568275,0.018568275
857,Q17,-0.018488647,0.018488647
858,H47,-0.018460331,0.018460331
859,T38,-0.018425366,0.018425366
860,D39,-0.018362321,0.018362321
861,H73,-0.018342873,0.018342873
862,J69,-0.018285993,0.018285993
863,B38,-0.018183254,0.018183254
864,Q75,-0.01816535,0.01816535
865,D56,0.018163614,0.018163614
866,M11,-0.01788598,0.01788598
867,A56,-0.017702423,0.017702423
868,Q78,-0.017582355,0.017582355
869,Z15,-0.017534912,0.017534912
870,O61,-0.017495446,0.017495446
871,N71,-0.017408261,0.017408261
872,J86,-0.017397523,0.017397523
873,M00,0.017379904,0.017379904
874,C57,-0.017373458,0.017373458
875,G58,-0.017328292,0.017328292
876,X11,-0.017252399,0.017252399
877,Q69,-0.017229019,0.017229019
878,S40,-0.017131032,0.017131032
879,L23,-0.017129788,0.017129788
880,W07,-0.017029708,0.017029708
881,N15,-0.017005417,0.017005417
882,X10,-0.016791424,0.016791424
883,F89,-0.016778419,0.016778419
884,Z73,0.016677218,0.016677218
885,F81,-0.016643235,0.016643235
886,R51,-0.016640378,0.016640378
887,K51,-0.016367862,0.016367862
888,B25,-0.016246885,0.016246885
889,M27,0.016221086,0.016221086
890,O75,-0.016057098,0.016057098
891,S90,0.01596185,0.01596185
892,Z36,0.015900817,0.015900817
893,F52,0.015807854,0.015807854
894,W13,-0.015771605,0.015771605
895,C32,0.015758596,0.015758596
896,F44,-0.01570098,0.01570098
897,P05,0.01567505,0.01567505
898,C07,-0.0155022815,0.0155022815
899,E09,0.015444481,0.015444481
900,Q74,-0.015428164,0.015428164
901,W00,-0.015372323,0.015372323
902,I15,-0.015295563,0.015295563
903,O65,-0.0152481105,0.0152481105
904,I05,0.0151731325,0.0151731325
905,I43,0.015028063,0.015028063
906,P27,0.014605559,0.014605559
907,Z40,-0.014400834,0.014400834
908,Y33,-0.014360743,0.014360743
909,F91,0.014308354,0.014308354
910,D58,-0.014251,0.014251
911,Q70,-0.014235555,0.014235555
912,F88,-0.014235347,0.014235347
913,H44,-0.013958834,0.013958834
914,R90,-0.013905241,0.013905241
915,I99,-0.013897565,0.013897565
916,E74,-0.013745704,0.013745704
917,C01,-0.013528583,0.013528583
918,Z22,0.013467148,0.013467148
919,C45,0.013208976,0.013208976
920,H11,-0.012958434,0.012958434
921,S79,0.012933258,0.012933258
922,H46,0.012751458,0.012751458
923,T68,-0.012563019,0.012563019
924,V48,-0.012037642,0.012037642
925,G07,0.012008901,0.012008901
926,D41,-0.0118750585,0.0118750585
927,X93,-0.01170866,0.01170866
928,F09,-0.011545259,0.011545259
929,C79,-0.010711361,0.010711361
930,N41,-0.010674101,0.010674101
931,T67,-0.010495892,0.010495892
932,L29,0.010394586,0.010394586
933,E53,0.010382528,0.010382528
934,R03,-0.010306442,0.010306442
935,H49,-0.010236786,0.010236786
936,K12,-0.009766703,0.009766703
937,J00,-0.009558617,0.009558617
938,F23,0.009354888,0.009354888
939,D70,-0.009324415,0.009324415
940,N91,-0.009166135,0.009166135
941,C02,-0.008732987,0.008732987
942,P28,-0.008634686,0.008634686
943,B00,-0.008492753,0.008492753
944,F16,-0.007855272,0.007855272
945,Z75,-0.0077910186,0.0077910186
946,R53,0.0075966693,0.0075966693
947,Z60,-0.007501388,0.007501388
948,G44,-0.0069153286,0.0069153286
949,F73,-0.0067945346,0.0067945346
950,I73,-0.0067048604,0.0067048604
951,L93,0.0066108974,0.0066108974
952,E11,-0.006584465,0.006584465
953,M12,0.006437152,0.006437152
954,M33,0.0062901787,0.0062901787
955,O91,-0.0040232027,0.0040232027
956,A49,0.003928719,0.003928719
957,E80,-0.0033709097,0.0033709097
958,J09,-0.002734392,0.002734392
959,R18,0.0026599837,0.0026599837
960,T43,-0.0024426784,0.0024426784
961,T88,-0.002292109,0.002292109
962,C20,-0.0021716983,0.0021716983
963,H51,-0.0019262074,0.0019262074
964,Z49,-0.0015252361,0.0015252361
965,Z98,-0.0014566146,0.0014566146
966,J15,0.0013453519,0.0013453519
967,J47,-0.0013279277,0.0013279277
968,I82,-0.0010017256,0.0010017256
969,T14,-0.0007440605,0.0007440605
970,W18,0.00036675535,0.00036675535
971,L30,-0.00021616757,0.00021616757
972,F90,-0.0001683893,0.0001683893
973,X72,0.0,0.0
974,R85,0.0,0.0
975,F94,0.0,0.0
976,O12,0.0,0.0
977,H31,0.0,0.0
978,C33,0.0,0.0
979,A90,0.0,0.0
980,S84,0.0,0.0
981,B16,0.0,0.0
982,H62,0.0,0.0
983,L67,0.0,0.0
984,P71,0.0,0.0
985,C63,0.0,0.0
986,Y37,0.0,0.0
987,P81,0.0,0.0
988,X39,0.0,0.0
989,V27,0.0,0.0
990,T52,0.0,0.0
991,Y22,0.0,0.0
992,J63,0.0,0.0
993,F65,0.0,0.0
994,Q13,0.0,0.0
995,B66,0.0,0.0
996,Z44,0.0,0.0
997,S07,0.0,0.0
998,P39,0.0,0.0
999,V75,0.0,0.0
1000,B71,0.0,0.0
1001,F24,0.0,0.0
1002,Q95,0.0,0.0
1003,V21,0.0,0.0
1004,Q84,0.0,0.0
1005,Q77,0.0,0.0
1006,A23,0.0,0.0
1007,L28,0.0,0.0
1008,Y65,0.0,0.0
1009,B78,0.0,0.0
1010,D76,0.0,0.0
1011,A32,0.0,0.0
1012,O85,0.0,0.0
1013,O94,0.0,0.0
1014,N96,0.0,0.0
1015,B83,0.0,0.0
1016,H42,0.0,0.0
1017,G09,0.0,0.0
1018,A27,0.0,0.0
1019,H75,0.0,0.0
1020,H28,0.0,0.0
1021,N01,0.0,0.0
1022,Q86,0.0,0.0
1023,D81,0.0,0.0
1024,G01,0.0,0.0
1025,E15,0.0,0.0
1026,O07,0.0,0.0
1027,D60,0.0,0.0
1028,I01,0.0,0.0
1029,A30,0.0,0.0
1030,G52,0.0,0.0
1031,E25,0.0,0.0
1032,I02,0.0,0.0
1033,A88,0.0,0.0
1034,T27,0.0,0.0
1035,W92,0.0,0.0
1036,G32,0.0,0.0
1037,W53,0.0,0.0
1038,W94,0.0,0.0
1039,B82,0.0,0.0
1040,Q56,0.0,0.0
1041,H17,0.0,0.0
1042,A01,0.0,0.0
1043,W88,0.0,0.0
1044,Q12,0.0,0.0
1045,T61,0.0,0.0
1046,L74,0.0,0.0
1047,A06,0.0,0.0
1048,Q41,0.0,0.0
1049,A68,0.0,0.0
1050,N77,0.0,0.0
1051,M49,0.0,0.0
1052,W99,0.0,0.0
1053,P50,0.0,0.0
1054,B54,0.0,0.0
1055,B46,0.0,0.0
1056,P80,0.0,0.0
1057,H32,0.0,0.0
1058,E32,0.0,0.0
1059,L11,0.0,0.0
1060,C04,0.0,0.0
1061,Q33,0.0,0.0
1062,P24,0.0,0.0
1063,A18,0.0,0.0
1064,Y27,0.0,0.0
1065,B74,0.0,0.0
1066,B68,0.0,0.0
1067,C4A,0.0,0.0
1068,B87,0.0,0.0
1069,V91,0.0,0.0
1070,O04,0.0,0.0
1071,M30,0.0,0.0
1072,A24,0.0,0.0
1073,F53,0.0,0.0
1074,Y32,0.0,0.0
1075,W33,0.0,0.0
1076,V20,0.0,0.0
1077,P78,0.0,0.0
1078,X98,0.0,0.0
1079,A37,0.0,0.0
1080,G13,0.0,0.0
1081,H95,0.0,0.0
1082,V25,0.0,0.0
1083,Q01,0.0,0.0
1084,P74,0.0,0.0
1085,P13,0.0,0.0
1086,S77,0.0,0.0
1087,B69,0.0,0.0
1088,C94,0.0,0.0
1089,P76,0.0,0.0
1090,L75,0.0,0.0
1091,W49,0.0,0.0
1092,G08,0.0,0.0
1093,S15,0.0,0.0
1094,P91,0.0,0.0
1095,G73,0.0,0.0
1096,G64,0.0,0.0
1097,P60,0.0,0.0
1098,B65,0.0,0.0
1099,P26,0.0,0.0
1100,H59,0.0,0.0
1101,D19,0.0,0.0
1102,E71,0.0,0.0
1103,B90,0.0,0.0
1104,T69,0.0,0.0
1105,Q73,0.0,0.0
1106,C72,0.0,0.0
1107,P84,0.0,0.0
1108,G53,0.0,0.0
1109,A58,0.0,0.0
1110,S74,0.0,0.0
1111,M42,0.0,0.0
1112,X06,0.0,0.0
1113,A92,0.0,0.0
1114,A57,0.0,0.0
1115,Y69,0.0,0.0
1116,W69,0.0,0.0
1117,D82,0.0,0.0
1118,Q34,0.0,0.0
1119,D20,0.0,0.0
1120,P14,0.0,0.0
1121,C39,0.0,0.0
1122,B79,0.0,0.0
1123,C7B,0.0,0.0
1124,Z69,0.0,0.0
1125,A65,0.0,0.0
1126,A03,0.0,0.0
1127,P37,0.0,0.0
1128,H22,0.0,0.0
1129,Q16,0.0,0.0
1130,C58,0.0,0.0
1131,F59,0.0,0.0
1132,P90,0.0,0.0
1133,B67,0.0,0.0
1134,A19,0.0,0.0
1135,P08,0.0,0.0
1136,A81,0.0,0.0
1137,A80,0.0,0.0
1138,S44,0.0,0.0
1139,L59,0.0,0.0
1140,W93,0.0,0.0
1141,X37,0.0,0.0
1142,V83,0.0,0.0
1143,Z28,0.0,0.0
1144,W64,0.0,0.0
1145,B60,0.0,0.0
1146,D42,0.0,0.0
1147,V97,0.0,0.0
1148,D31,0.0,0.0
1149,X73,0.0,0.0
1150,X81,0.0,0.0
1151,L49,0.0,0.0
1152,P00,0.0,0.0
1153,P52,0.0,0.0
1154,X74,0.0,0.0
1155,X34,0.0,0.0
1156,G36,0.0,0.0
1157,S98,0.0,0.0
1158,T55,0.0,0.0
1159,V68,0.0,0.0
1160,X30,0.0,0.0
1161,R77,0.0,0.0
1162,V15,0.0,0.0
1163,N02,0.0,0.0
1164,E20,0.0,0.0
1165,V13,0.0,0.0
1166,L64,0.0,0.0
1167,W25,0.0,0.0
1168,W14,0.0,0.0
1169,J92,0.0,0.0
1170,E73,0.0,0.0
1171,N14,0.0,0.0
1172,Z67,0.0,0.0
1173,Y00,0.0,0.0
1174,V59,0.0,0.0
1175,I06,0.0,0.0
1176,F78,0.0,0.0
1177,Y71,0.0,0.0
1178,F28,0.0,0.0
1179,G63,0.0,0.0
1180,E02,0.0,0.0
1181,Y82,0.0,0.0
1182,J64,0.0,0.0
1183,R84,0.0,0.0
1184,E60,0.0,0.0
1185,V38,0.0,0.0
1186,I23,0.0,0.0
1187,V73,0.0,0.0
1188,Y77,0.0,0.0
1189,X16,0.0,0.0
1190,X13,0.0,0.0
1191,W04,0.0,0.0
1192,O29,0.0,0.0
1193,W58,0.0,0.0
1194,H82,0.0,0.0
1195,V02,0.0,0.0
1196,V71,0.0,0.0
1197,X14,0.0,0.0
1198,Y80,0.0,0.0
1199,V52,0.0,0.0
1200,W67,0.0,0.0
1201,Y02,0.0,0.0
1202,A95,0.0,0.0
1203,J13,0.0,0.0
1204,X17,0.0,0.0
1205,V47,0.0,0.0
1206,L43,0.0,0.0
1207,V17,0.0,0.0
1208,V62,0.0,0.0
1209,E63,0.0,0.0
1210,Y95,0.0,0.0
1211,B04,0.0,0.0
1212,V37,0.0,0.0
1213,W65,0.0,0.0
1214,B45,0.0,0.0
1215,E40,0.0,0.0
1216,Y79,0.0,0.0
1217,Y70,0.0,0.0
1218,V46,0.0,0.0
1219,X12,0.0,0.0
1220,E08,0.0,0.0
1221,F18,0.0,0.0
1222,L58,0.0,0.0
1223,D78,0.0,0.0
1224,D86,0.0,0.0
1225,V42,0.0,0.0
1226,V06,0.0,0.0
1227,V16,0.0,0.0
1228,V66,0.0,0.0
1229,E36,0.0,0.0
1230,V11,0.0,0.0
1231,G65,0.0,0.0
1232,Z70,0.0,0.0
1233,C60,0.0,0.0
1234,L86,0.0,0.0
1235,X79,0.0,0.0
1236,Y81,0.0,0.0
1237,Q97,0.0,0.0
1238,V30,0.0,0.0
1239,V54,0.0,0.0
1240,Y76,0.0,0.0
1241,D77,0.0,0.0
1242,V50,0.0,0.0
1243,V12,0.0,0.0
1244,V55,0.0,0.0
1245,V33,0.0,0.0
1246,E54,0.0,0.0
1247,Y26,0.0,0.0
1248,A34,0.0,0.0
1249,A91,0.0,0.0
1250,M97,0.0,0.0
1251,V56,0.0,0.0
1252,V31,0.0,0.0
1253,V32,0.0,0.0
1254,B72,0.0,0.0
1255,Z05,0.0,0.0
1256,Q81,0.0,0.0
1257,V44,0.0,0.0
1258,Y03,0.0,0.0
1259,Y73,0.0,0.0
1260,P94,0.0,0.0
1261,S55,0.0,0.0
1262,J22,0.0,0.0
1263,V10,0.0,0.0
1264,C47,0.0,0.0
1265,T33,0.0,0.0
1266,V58,0.0,0.0
1267,K71,0.0,0.0
1268,E59,0.0,0.0
1269,P95,0.0,0.0
1270,L41,0.0,0.0
1271,O25,0.0,0.0
1272,E58,0.0,0.0
1273,V65,0.0,0.0
1274,A86,0.0,0.0
1275,P10,0.0,0.0
1276,V45,0.0,0.0
1277,V04,0.0,0.0
1278,W37,0.0,0.0
1279,V57,0.0,0.0
1280,V64,0.0,0.0
1281,I32,0.0,0.0
1282,X15,0.0,0.0
1283,S78,0.0,0.0
1284,J99,0.0,0.0
1285,G23,0.0,0.0
1286,L26,0.0,0.0
1287,V53,0.0,0.0
1288,B91,0.0,0.0
1289,X76,0.0,0.0
1290,L00,0.0,0.0
1291,X80,0.0,0.0
1292,S48,0.0,0.0
1293,Y36,0.0,0.0
1294,I39,0.0,0.0
1295,Q14,0.0,0.0
1296,P15,0.0,0.0
1297,P35,0.0,0.0
1298,A22,0.0,0.0
1299,V88,0.0,0.0
1300,R88,0.0,0.0
1301,N51,0.0,0.0
1302,P53,0.0,0.0
1303,H67,0.0,0.0
1304,T53,0.0,0.0
1305,A25,0.0,0.0
1306,A00,0.0,0.0
1307,A20,0.0,0.0
1308,E50,0.0,0.0
1309,P56,0.0,0.0
1310,Y30,0.0,0.0
1311,L14,0.0,0.0
1312,B77,0.0,0.0
1313,Y62,0.0,0.0
1314,J66,0.0,0.0
1315,X36,0.0,0.0
1316,W35,0.0,0.0
1317,A98,0.0,0.0
1318,X71,0.0,0.0
1319,B42,0.0,0.0
1320,K67,0.0,0.0
1321,A70,0.0,0.0
1322,W90,0.0,0.0
1323,A44,0.0,0.0
1324,Q42,0.0,0.0
1325,X96,0.0,0.0
1326,Q99,0.0,0.0
1327,F82,0.0,0.0
1328,Q31,0.0,0.0
1329,V82,0.0,0.0
1330,S54,0.0,0.0
1331,X35,0.0,0.0
1332,Z55,0.0,0.0
1333,S58,0.0,0.0
1334,A17,0.0,0.0
1335,V96,0.0,0.0
1336,P19,0.0,0.0
1337,A21,0.0,0.0
1338,B50,0.0,0.0
1339,P09,0.0,0.0
1340,T74,0.0,0.0
1341,X52,0.0,0.0
1342,B55,0.0,0.0
1343,M01,0.0,0.0
1344,G05,0.0,0.0
1345,F66,0.0,0.0
1346,B26,0.0,0.0
1347,R86,0.0,0.0
1348,A66,0.0,0.0
1349,Q11,0.0,0.0
1350,V92,0.0,0.0
1351,B05,0.0,0.0
1352,B81,0.0,0.0
1353,Y38,0.0,0.0
1354,B06,0.0,0.0
1355,A99,0.0,0.0
1356,V24,0.0,0.0
1357,Y64,0.0,0.0
1358,B64,0.0,0.0
1359,A82,0.0,0.0
1360,A85,0.0,0.0
1361,A84,0.0,0.0
1362,A26,0.0,0.0
1363,B76,0.0,0.0
1364,B56,0.0,0.0
1365,O60,0.0,0.0
1366,S10,0.0,0.0
1367,Y31,0.0,0.0
1368,V14,0.0,0.0
1369,E52,0.0,0.0
1370,B70,0.0,0.0
1371,P58,0.0,0.0
1372,B41,0.0,0.0
1373,A67,0.0,0.0
1374,R46,0.0,0.0
1375,N37,0.0,0.0
1376,S81,0.0,0.0
1377,V40,0.0,0.0
1378,W45,0.0,0.0
1379,N08,0.0,0.0
1380,L76,0.0,0.0
1381,M80,0.0,0.0
1382,M45,0.0,0.0
1383,T64,0.0,0.0
1384,A94,0.0,0.0
1385,A96,0.0,0.0
1386,V95,0.0,0.0
1387,V22,0.0,0.0
1388,H68,0.0,0.0
1389,P38,0.0,0.0
1390,B51,0.0,0.0
1391,V81,0.0,0.0
1392,P11,0.0,0.0
1393,V90,0.0,0.0
1394,H36,0.0,0.0
1395,B53,0.0,0.0
1396,P93,0.0,0.0
1397,A83,0.0,0.0
1398,Y29,0.0,0.0
1399,V23,0.0,0.0
1400,P51,0.0,0.0
1401,N33,0.0,0.0
1402,A33,0.0,0.0
1403,Y25,0.0,0.0
1404,B03,0.0,0.0
1405,B43,0.0,0.0
1406,B52,0.0,0.0
1407,X38,0.0,0.0
1408,X92,0.0,0.0
1409,P72,0.0,0.0
1410,K95,0.0,0.0
1411,A71,0.0,0.0
1412,W42,0.0,0.0
1413,S17,0.0,0.0
1414,T04,0.0,0.0
1415,B73,0.0,0.0
1416,E45,0.0,0.0
1417,A75,0.0,0.0
1418,V03,0.0,0.0
1419,Y23,0.0,0.0
1420,L44,0.0,0.0
1421,L55,0.0,0.0
1422,S97,0.0,0.0
1423,W61,0.0,0.0
1424,J41,0.0,0.0
1425,Y35,0.0,0.0
1426,R48,0.0,0.0
1427,Y84,0.0,0.0
1428,N89,0.0,0.0
1429,T59,0.0,0.0
1430,I80,0.0,0.0
1431,G55,0.0,0.0
1432,W12,0.0,0.0
1433,Q44,0.0,0.0
1434,K45,0.0,0.0
1435,Z84,0.0,0.0
1436,C06,0.0,0.0
1437,D74,0.0,0.0
1438,N98,0.0,0.0
1439,O01,0.0,0.0
1440,J12,0.0,0.0
1441,A52,0.0,0.0
1442,V79,0.0,0.0
1443,I30,0.0,0.0
1444,M31,0.0,0.0
1445,B85,0.0,0.0
1446,T26,0.0,0.0
1447,A74,0.0,0.0
1448,X05,0.0,0.0
1449,D47,0.0,0.0
1450,R14,0.0,0.0
1451,Q40,0.0,0.0
1452,A40,0.0,0.0
1453,N22,0.0,0.0
1454,O08,0.0,0.0
1455,S41,0.0,0.0
1456,R70,0.0,0.0
1457,L62,0.0,0.0
1458,I79,0.0,0.0
1459,J39,0.0,0.0
1460,B36,0.0,0.0
1461,S19,0.0,0.0
1462,M60,0.0,0.0
1463,H83,0.0,0.0
1464,G50,0.0,0.0
1465,K06,0.0,0.0
1466,C76,0.0,0.0
1467,G26,0.0,0.0
1468,W40,0.0,0.0
1469,I07,0.0,0.0
1470,S37,0.0,0.0
1471,S60,0.0,0.0
1472,W60,0.0,0.0
1473,T46,0.0,0.0
1474,H20,0.0,0.0
1475,Q68,0.0,0.0
1476,D29,0.0,0.0
1477,H01,0.0,0.0
1478,V77,0.0,0.0
1479,B48,0.0,0.0
1480,D67,0.0,0.0
1481,F64,0.0,0.0
1482,A53,0.0,0.0
1483,D28,0.0,0.0
1484,B15,0.0,0.0
1485,D45,0.0,0.0
1486,V26,0.0,0.0
1487,C17,0.0,0.0
1488,O87,0.0,0.0
1489,Q71,0.0,0.0
1490,O33,0.0,0.0
1491,G83,0.0,0.0
1492,H94,0.0,0.0
1493,L13,0.0,0.0
1494,E85,0.0,0.0
1495,I24,0.0,0.0
1496,C05,0.0,0.0
1497,C21,0.0,0.0
1498,J37,0.0,0.0
1499,A43,0.0,0.0
1500,X02,0.0,0.0
1501,B30,0.0,0.0
1502,W30,0.0,0.0
1503,M02,0.0,0.0
1504,D10,0.0,0.0
1505,S11,0.0,0.0
1506,Z92,0.0,0.0
1507,P03,0.0,0.0
1508,L87,0.0,0.0
1509,E79,0.0,0.0
1510,Q80,0.0,0.0
1511,C41,0.0,0.0
1512,O43,0.0,0.0
1513,X32,0.0,0.0
1514,W28,0.0,0.0
1515,O31,0.0,0.0
1516,W32,0.0,0.0
1517,E34,0.0,0.0
1518,F71,0.0,0.0
1519,K41,0.0,0.0
1520,J61,0.0,0.0
1521,T75,0.0,0.0
1522,T54,0.0,0.0
1523,L99,0.0,0.0
1524,W89,0.0,0.0
1525,T56,0.0,0.0
1526,O45,0.0,0.0
1527,P25,0.0,0.0
1528,W38,0.0,0.0
1529,C65,0.0,0.0
1530,D15,0.0,0.0
1531,D43,0.0,0.0
1532,J82,0.0,0.0
1533,M36,0.0,0.0
1534,V70,0.0,0.0
1535,B80,0.0,0.0
1536,B35,0.0,0.0
1537,O77,0.0,0.0
1538,F63,0.0,0.0
1539,Z57,0.0,0.0
1540,D38,0.0,0.0
1541,N30,0.0,0.0
1542,K14,0.0,0.0
1543,R61,0.0,0.0
1544,Q63,0.0,0.0
1545,K36,0.0,0.0
1546,H34,0.0,0.0
1547,R68,0.0,0.0
1548,T19,0.0,0.0
1549,E23,0.0,0.0
1550,G12,0.0,0.0
1551,A15,0.0,0.0
1552,S24,0.0,0.0
1553,Q61,0.0,0.0
1554,H18,0.0,0.0
1555,M46,0.0,0.0
1556,E26,0.0,0.0
1557,T70,0.0,0.0
1558,M07,0.0,0.0
1559,K92,0.0,0.0
1560,I52,0.0,0.0
1561,G46,0.0,0.0
1562,F42,0.0,0.0
1563,M53,0.0,0.0
1564,X78,0.0,0.0
1565,D65,0.0,0.0
1566,M40,0.0,0.0
1567,M88,0.0,0.0
1568,J17,0.0,0.0
1569,N00,0.0,0.0
1570,X19,0.0,0.0
1571,C37,0.0,0.0
1572,Y74,0.0,0.0
1573,N06,0.0,0.0
1574,X00,0.0,0.0
1575,Q92,0.0,0.0
1576,V39,0.0,0.0
1577,V41,0.0,0.0
1578,P57,0.0,0.0
1579,V84,0.0,0.0
1580,B89,0.0,0.0
1581,V72,0.0,0.0
1582,E00,0.0,0.0
1583,W56,0.0,0.0
1584,V67,0.0,0.0
1585,V74,0.0,0.0
1586,M84,0.0,0.0
1587,Y75,0.0,0.0
1588,Y78,0.0,0.0
1589,O44,0.0,0.0
1590,S38,0.0,0.0
1591,S31,0.0,0.0
1592,K07,0.0,0.0
1593,Y72,0.0,0.0
1594,V60,0.0,0.0
1595,Z29,0.0,0.0
1596,Z19,0.0,0.0
1597,M04,0.0,0.0
1598,X75,0.0,0.0
1599,W73,0.0,0.0
1600,B92,0.0,0.0
1601,J14,0.0,0.0
1602,L54,0.0,0.0
1603,N11,0.0,0.0
1604,N53,0.0,0.0
1605,M18,0.0,0.0
1606,O23,0.0,0.0
1607,D89,0.0,0.0
1608,R43,0.0,0.0
1609,N31,0.0,0.0
1610,C46,0.0,0.0
1611,A54,0.0,0.0
1612,C23,0.0,0.0
1613,Q07,0.0,0.0
1614,W39,0.0,0.0
1615,O22,0.0,0.0
1616,Q52,0.0,0.0
1617,Q60,0.0,0.0
1618,L80,0.0,0.0
1619,D02,0.0,0.0
1620,C14,0.0,0.0
1621,S65,0.0,0.0
1622,N03,0.0,0.0
1623,M08,0.0,0.0
1624,S94,0.0,0.0
1625,K90,0.0,0.0
1626,W27,0.0,0.0
1627,J94,0.0,0.0
1628,O66,0.0,0.0
1629,O63,0.0,0.0
1630,M13,0.0,0.0
1631,W86,0.0,0.0
1632,V99,0.0,0.0
1633,S64,0.0,0.0
1634,R34,0.0,0.0
1635,C11,0.0,0.0
1636,X99,0.0,0.0
1637,H70,0.0,0.0
1638,B40,0.0,0.0
1639,X31,0.0,0.0
1640,B49,0.0,0.0
1641,O15,0.0,0.0
1642,E68,0.0,0.0
1643,O10,0.0,0.0
1644,K55,0.0,0.0
1645,G98,0.0,0.0
1646,S30,0.0,0.0
1647,T41,0.0,0.0
1648,E35,0.0,0.0
1649,N52,0.0,0.0
1650,J85,0.0,0.0
1651,N50,0.0,0.0
1652,J04,0.0,0.0
1653,T17,0.0,0.0
1654,B94,0.0,0.0
1655,K25,0.0,0.0
1656,S71,0.0,0.0
1657,H16,0.0,0.0
1658,N04,0.0,0.0
1659,I09,0.0,0.0
1660,F07,0.0,0.0
1661,N74,0.0,0.0
1662,H60,0.0,0.0
1663,L83,0.0,0.0
1664,Q15,0.0,0.0
1665,C88,0.0,0.0
1666,J68,0.0,0.0
1667,T30,0.0,0.0
1668,F21,0.0,0.0
1669,C13,0.0,0.0
1670,E77,0.0,0.0
1671,T47,0.0,0.0
1672,A79,0.0,0.0
1673,P01,0.0,0.0
1674,D52,0.0,0.0
1675,O88,0.0,0.0
1676,T49,0.0,0.0
1677,D55,0.0,0.0
1678,V98,0.0,0.0
1679,L45,0.0,0.0
1680,B39,0.0,0.0
1681,F04,0.0,0.0
1682,O74,0.0,0.0
1683,J60,0.0,0.0
1684,B47,0.0,0.0
1685,I68,0.0,0.0
1686,P02,0.0,0.0
1687,I41,0.0,0.0
1688,D44,0.0,0.0
1689,L51,0.0,0.0
1690,X82,0.0,0.0
1691,C70,0.0,0.0
1692,Q98,0.0,0.0
1693,Q96,0.0,0.0
1694,R81,0.0,0.0
1695,S47,0.0,0.0
1696,S95,0.0,0.0
1697,S26,0.0,0.0
1698,T28,0.0,0.0
1699,Q02,0.0,0.0
1700,C52,0.0,0.0
1701,J62,0.0,0.0
1702,R71,0.0,0.0
1703,M1A,0.0,0.0
1704,W15,0.0,0.0
1705,Q00,0.0,0.0
1706,C10,0.0,0.0
1707,G00,0.0,0.0
1708,L66,0.0,0.0
1709,L10,0.0,0.0
1710,C30,0.0,0.0
1711,A55,0.0,0.0
1712,S57,0.0,0.0
1713,G95,0.0,0.0
1714,L52,0.0,0.0
1715,F54,0.0,0.0
1716,B44,0.0,0.0
1717,A89,0.0,0.0
1718,S25,0.0,0.0
1719,S28,0.0,0.0
1720,J16,0.0,0.0
1721,E76,0.0,0.0
1722,B33,0.0,0.0
1723,A42,0.0,0.0
1724,S75,0.0,0.0
1725,C93,0.0,0.0
1726,A48,0.0,0.0
1727,X97,0.0,0.0
1728,E70,0.0,0.0
1729,D83,0.0,0.0
1730,M83,0.0,0.0
1731,A28,0.0,0.0
1732,P23,0.0,0.0
1733,X94,0.0,0.0
1734,P12,0.0,0.0
1735,P29,0.0,0.0
1736,E51,0.0,0.0
1737,B75,0.0,0.0
1738,P54,0.0,0.0
1739,L95,0.0,0.0
1740,X77,0.0,0.0
1741,H15,0.0,0.0
1742,C12,0.0,0.0
1743,E56,0.0,0.0
1744,H80,0.0,0.0
1745,W57,0.0,0.0
1746,A39,0.0,0.0
1747,N05,0.0,0.0
1748,L85,0.0,0.0
1749,P83,0.0,0.0
1750,S87,0.0,0.0
1751,W16,0.0,0.0
1752,B57,0.0,0.0
1753,I28,0.0,0.0
1754,Q93,0.0,0.0
1755,X04,0.0,0.0
1756,A93,0.0,0.0
1757,D71,0.0,0.0
1758,H30,0.0,0.0
1759,R83,0.0,0.0
1760,M61,0.0,0.0
1761,H27,0.0,0.0
1762,Y66,0.0,0.0
1763,I00,0.0,0.0
1764,P70,0.0,0.0
1765,B88,0.0,0.0
1766,T73,0.0,0.0
1767,E67,0.0,0.0
1768,C03,0.0,0.0
1769,P55,0.0,0.0
1770,P61,0.0,0.0
1771,E61,0.0,0.0
1772,G94,0.0,0.0
1773,W52,0.0,0.0
1774,C38,0.0,0.0
1775,F93,0.0,0.0
1776,B09,0.0,0.0
1777,S04,0.0,0.0
1778,J65,0.0,0.0
1779,V05,0.0,0.0
1780,Y63,0.0,0.0
1781,Q72,0.0,0.0
1782,A78,0.0,0.0
1783,Z14,0.0,0.0
1784,W36,0.0,0.0
1785,P96,0.0,0.0
1786,G11,0.0,0.0
1787,L68,0.0,0.0
1788,R75,0.0,0.0
1789,D59,0.0,0.0
1790,O11,0.0,0.0
1791,X01,0.0,0.0
1792,C40,0.0,0.0
1793,Q20,0.0,0.0
1794,N46,0.0,0.0
1795,O89,0.0,0.0
1796,T60,0.0,0.0
1797,Y24,0.0,0.0
1798,E42,0.0,0.0
1799,Q51,0.0,0.0
1800,O67,0.0,0.0
1801,O73,0.0,0.0
1802,F05,0.0,0.0
1803,C96,0.0,0.0
1804,M05,0.0,0.0
1805,W85,0.0,0.0
1806,W59,0.0,0.0
1807,M91,0.0,0.0
1808,A36,0.0,0.0
1809,C75,0.0,0.0
1810,D84,0.0,0.0
1811,L63,0.0,0.0
1812,X03,0.0,0.0
1813,I75,0.0,0.0
1814,E41,0.0,0.0
1815,G02,0.0,0.0
1816,T62,0.0,0.0
1817,M63,0.0,0.0
1818,D51,0.0,0.0
1819,C66,0.0,0.0
1820,A87,0.0,0.0
1821,A46,0.0,0.0
1822,P36,0.0,0.0
1823,Z43,0.0,0.0
1824,C09,0.0,0.0
1825,C95,0.0,0.0
1826,B01,0.0,0.0
1827,D80,0.0,0.0
1828,K03,0.0,0.0
1829,T71,0.0,0.0
1830,J67,0.0,0.0
1831,C74,0.0,0.0
1832,T57,0.0,0.0
1833,M47,0.0,0.0
1834,L24,0.0,0.0
1835,Z65,0.0,0.0
1836,D09,0.0,0.0
1837,D40,0.0,0.0
1838,S45,0.0,0.0
1839,D04,0.0,0.0
1840,A77,0.0,0.0
1841,C84,0.0,0.0
1842,F95,0.0,0.0
1843,Q64,0.0,0.0
1844,C68,0.0,0.0
1845,E43,0.0,0.0
1846,W74,0.0,0.0
1847,A38,0.0,0.0
1848,C08,0.0,0.0
1849,Q91,0.0,0.0
1850,Q45,0.0,0.0
1851,T66,0.0,0.0
1852,B10,0.0,0.0
1853,V01,0.0,0.0
1854,Q50,0.0,0.0
1855,L42,0.0,0.0
1856,A51,0.0,0.0
1857,W24,0.0,0.0
1858,P22,0.0,0.0
1859,E75,0.0,0.0
1860,O46,0.0,0.0
1861,D3A,0.0,0.0
1862,Q04,0.0,0.0
1863,D00,0.0,0.0
1864,N86,0.0,0.0
1865,X08,0.0,0.0
1866,C26,0.0,0.0
1867,I66,0.0,0.0
1868,G61,0.0,0.0
1869,I78,0.0,0.0
1870,C31,0.0,0.0
1871,E31,0.0,0.0
1872,T58,0.0,0.0
1873,B58,0.0,0.0
1874,N27,0.0,0.0
1875,J21,0.0,0.0
1876,V63,0.0,0.0
1877,N26,0.0,0.0
1878,K09,0.0,0.0
1879,L56,0.0,0.0
1880,L12,0.0,0.0
1881,G37,0.0,0.0
1882,C00,0.0,0.0
1883,Q30,0.0,0.0
1884,F68,0.0,0.0
1885,A07,0.0,0.0
1886,D33,0.0,0.0
1887,G10,0.0,0.0
1888,V94,0.0,0.0
1889,I40,0.0,0.0
1890,P77,0.0,0.0
1891,N07,0.0,0.0
1892,K68,0.0,0.0
1893,O68,0.0,0.0
1894,S35,0.0,0.0
1895,Q26,0.0,0.0
1896,A50,0.0,0.0
1897,Y21,0.0,0.0
1898,Y01,0.0,0.0
1899,S85,0.0,0.0
1900,R37,0.0,0.0
1901,D01,0.0,0.0
1902,Y28,0.0,0.0
1903,A35,0.0,0.0
1904,H05,0.0,0.0
1905,V93,0.0,0.0
1906,D26,0.0,0.0
1907,P92,0.0,0.0
